;image;category;title;extract;detail_url;date
0;https://profile.es/wp-content/media/tendencias-diseno-web-300x140.jpg;diseño web;8 tendencias de diseño web en 2022 con ejemplos reales;¿Qué tendencias en diseño web marcarán 2022? En este artículo recopilamos las técnicas y estilos visuales que te ayudarán a;https://profile.es/blog/tendencias-diseno-web/;17 de enero de 2022
1;https://profile.es/wp-content/media/Mulesoft-Anypoint-Platform-web-1-300x167.webp;Negocio y Transformación Digital;Qué es Mulesoft Anypoint Platform y por qué lo necesito;En este post conoceremos Mulesoft Anypoint Platform, una herramienta de integración clave para la transformación digital de las empresas.  Si;https://profile.es/blog/mulesoft-anypoint-platform/;11 de enero de 2022
2;https://profile.es/wp-content/media/Como-consumir-una-API-desde-JavaScript-300x140.png;Desarrollo web;Cómo consumir una API desde JavaScript nativo;En este post vamos a ver un ejemplo real de cómo consumir una API con JavaScript nativo. Es decir, lo;https://profile.es/blog/consumir-api-javascript/;4 de enero de 2022
3;https://profile.es/wp-content/media/Entrevista-tecnica-de-Angular-min-300x167.png;Desarrollo web;Cómo preparar una entrevista técnica de Angular siendo junior;Si eres o quieres ser desarrollador frontend y vives en España, sabrás que Angular es una de las tecnologías más;https://profile.es/blog/entrevista-tecnica-de-angular-junior/;21 de diciembre de 2021
4;https://profile.es/wp-content/media/Las-mejores-herramientas-Kanban-online-para-gestionar-proyectos-de-software-300x140.png;Metodologías ágiles;Las 3 mejores herramientas Kanban online para gestionar proyectos de software;Analizamos y comparamos las mejores herramientas Kanban online para poner en práctica este método en proyectos de software. En anteriores;https://profile.es/blog/mejores-herramientas-kanban/;13 de diciembre de 2021
5;https://profile.es/wp-content/media/Expresiones-regulares-RegEx-1-300x167.png;Desarrollo web;Qué son y cómo usar expresiones regulares RegEx;El término de expresiones regulares nace a partir del término inglés regular expressions. Del que también surgen varias abreviaturas como;https://profile.es/blog/expresiones-regulares-regex/;7 de diciembre de 2021
6;https://profile.es/wp-content/media/Que-es-un-sistema-de-diseno-300x140.png;diseño web;¿Qué es un Design System? Pasos, ejemplos y herramientas para crear uno;Los Design System o sistemas de diseño ayudan a agilizar el proceso de diseño del producto y hacerlo más transparente;https://profile.es/blog/que-es-design-system-ejemplo/;29 de noviembre de 2021
7;https://profile.es/wp-content/media/Devbook-el-motor-de-busqueda-para-desarrolladores-300x140.png;Desarrollo web;Devbook: el motor de búsqueda sólo para desarrolladores;En la actualidad, existen multitud de herramientas para mejorar la productividad en desarrollo de software. Hoy vamos a presentaros Devbook,;https://profile.es/blog/que-es-devbook-motor-busqueda-desarrolladores/;22 de noviembre de 2021
8;https://profile.es/wp-content/media/que-es-y-para-que-sirve-kubernetes-300x140.png;Cloud Computing;Introducción a Kubernetes: ¿qué es y para qué sirve?;En este artículo hacemos una introducción a Kubernetes, el sistema de gestión de contenedores más usado a día de hoy.;https://profile.es/blog/que-es-kubernetes/;15 de noviembre de 2021
9;https://profile.es/wp-content/media/Como-hacer-un-tablero-kanban-300x140.png;Metodologías ágiles;Cómo hacer un tablero Kanban en 5 pasos con un ejemplo de software;En el post de hoy vamos a hacer un tablero Kanban paso a paso. De este modo, vamos a entrar;https://profile.es/blog/como-hacer-tablero-kanban-ejemplo/;8 de noviembre de 2021
10;https://profile.es/wp-content/media/Ionic-o-react-native-300x140.png;Desarrollo web;Ionic vs. React Native: ¿qué framework utilizar para apps multiplataforma?;Si somos desarrolladores frontend y queremos hacer una aplicación multiplataforma, y tenemos experiencia con Angular o React, es relativamente sencilla;https://profile.es/blog/ionic-vs-react-native/;2 de noviembre de 2021
11;https://profile.es/wp-content/media/Que-es-TypeScript-300x140.png;Desarrollo web;TypeScript: qué es, diferencias con JavaScript y por qué aprenderlo;Si te dedicas al desarrollo Front-End o al desarrollo de software en general, seguramente hayas oído hablar de TypeScript, o;https://profile.es/blog/que-es-typescript-vs-javascript/;25 de octubre de 2021
12;https://profile.es/wp-content/media/mejores-frameworks-de-java-en-2021-300x140.jpg;Desarrollo web;Los mejores frameworks de Java en 2021 para desarrollo web;En este artículo vamos a diseccionar los mejores frameworks de Java en 2021, aquellos marcos de trabajo imprescindibles para desarrollar;https://profile.es/blog/frameworks-java-desarrollo-web/;18 de octubre de 2021
13;https://profile.es/wp-content/media/que-es-gherkin-300x140.jpg;Desarrollo web;Qué es Gherkin: cómo usarlo y cuáles son sus elementos;En este post explicamos qué es Gherkin, un lenguaje DSL (lenguaje de dominio específico) muy cercano al lenguaje natural. Repasamos;https://profile.es/blog/que-es-gherkin/;13 de octubre de 2021
14;https://profile.es/wp-content/media/apis-para-desarrolladores-front-end-300x140.jpg;Desarrollo web;7 APIs interesantes para desarrolladores Front End;¿Necesitas datos sobre meteorología, finanzas o cócteles para tus proyectos? En este artículo hacemos una recopilación de siete APIs muy;https://profile.es/blog/apis-front-end/;4 de octubre de 2021
15;https://profile.es/wp-content/media/mejores-librerias-de-react-300x140.jpg;Desarrollo web;Las mejores librerías de React en 2021;En este artículo exploraremos las 5 mejores librerías de React en 2021, librerías que si vas a introducirte en el;https://profile.es/blog/librerias-react/;27 de septiembre de 2021
16;https://profile.es/wp-content/media/Post-enigma-min-300x140.png;Desarrollo web;Día del programador: resolviendo el enigma;En este artículo vamos a explicar cómo resolver el reto que nos propuso Profile con motivo del día del programador,;https://profile.es/blog/dia-del-programador/;20 de septiembre de 2021
17;https://profile.es/wp-content/media/Disenador-web-300x167.jpg;diseño web;5 cursos gratuitos de diseño web para convertirte en un diseñador de éxito;¿Te gustaría estudiar diseño web? Si tu vocación es el diseño y quieres formar parte del crecimiento del mundo digital,;https://profile.es/blog/cursos-gratuitos-diseno-web/;14 de septiembre de 2021
18;https://profile.es/wp-content/media/Que-es-el-testing-de-software-1-300x140.png;Desarrollo web;Qué es el testing de software;En el proceso de desarrollo de software es normal encontrar errores. Cuando esto sucede en la etapa de prueba de;https://profile.es/blog/que-es-el-testing-de-software/;7 de septiembre de 2021
19;https://profile.es/wp-content/media/post-mortem-min-300x140.png;Metodologías ágiles;Qué es un Post Mortem y cómo hacerlo;Qué es un post mortem Un  post mortem es una herramienta que suele utilizarse al final del desarrollo de un;https://profile.es/blog/que-es-un-post-mortem-y-como-hacerlo/;27 de agosto de 2021
20;https://profile.es/wp-content/media/que-es-un-data-scientist-o-cientifico-de-datos-300x140.png;Empleo IT;Data Scientist: qué es, qué hace y qué necesita saber;Seguro que en los últimos meses has oído hablar de cómo las empresas dan cada vez más valor a los;https://profile.es/blog/data-scientist/;24 de agosto de 2021
21;https://profile.es/wp-content/media/clases-wrapper-java-300x140.jpg;Desarrollo web;Clases Wrapper (envoltorio) en Java;En este artículo os vamos a presentar las clases Wrapper, unos tipos de clase en Java, también son conocidos como;https://profile.es/blog/clases-wrapper-envoltorio-en-java/;16 de agosto de 2021
22;https://profile.es/wp-content/media/Herramientas-de-management-3.0-300x140.png;Metodologías ágiles;3 herramientas de Management 3.0 para comprender y motivar a tu equipo;En posts anteriores hemos contado qué es Management 3.0, cuál es su historia y los principios sobre los que se;https://profile.es/blog/herramientas-management-30/;9 de agosto de 2021
23;https://profile.es/wp-content/media/que-es-docker-300x140.jpg;Desarrollo web;¿Qué es Docker y para qué sirve?;Una vez introducidos en el mundo de los contenedores de software y las principales diferencias entre trabajar con contenedores y;https://profile.es/blog/que_es_docker/;2 de agosto de 2021
24;https://profile.es/wp-content/media/management-3.0-portada-300x140.png;Metodologías ágiles;Management 3.0: ¿qué es y cuáles son sus principios?;Actualmente, estamos rodeados por términos cómo «Agile«, «Scrum«, «Lean«, «Sprints«, «MVP», etc., y una larga lista que empieza a complicarse.;https://profile.es/blog/management_3_0_que_es/;27 de julio de 2021
25;https://profile.es/wp-content/media/Que-son-los-contenedores-de-software-300x140.png;Cloud Computing;¿Qué son los contenedores de software y por qué utilizarlos?;En este artículo vamos a realizar una breve introducción al mundo de los contenedores. Explicaremos qué son los contenedores de;https://profile.es/blog/contenedores-de-software/;19 de julio de 2021
26;https://profile.es/wp-content/media/frameworks-python-300x140.jpg;Desarrollo web;Los 4 mejores frameworks para Python;En este artículo recopilamos los mejores frameworks para Python. Repasamos los entornos de trabajo más utilizados para programar en este;https://profile.es/blog/mejores-frameworks-python/;12 de julio de 2021
27;https://profile.es/wp-content/media/feedback-loops-de-kanban-300x140.png;Metodologías ágiles;Qué son los Feedback Loops de Kanban y cómo implementarlos;En el post de hoy vamos a hablar sobre qué son y cómo implementar los ciclos de Feedback o Feedback;https://profile.es/blog/feedback-loops-de-kanban/;5 de julio de 2021
28;https://profile.es/wp-content/media/lenguajes-programacion-videojuegos-300x140.jpg;Desarrollo web;Los 6 mejores lenguajes de programación para videojuegos;El lenguaje con el que están programados los videojuegos es un elemento fundamental para garantizar una experiencia de juego fluida.;https://profile.es/blog/lenguajes-programacion-videojuegos/;28 de junio de 2021
29;https://profile.es/wp-content/media/variables-y-tipos-de-datos-en-java-300x140.jpg;Desarrollo web;Variables y tipos de datos en Java: qué son y cómo funcionan;En este articulo, nos vamos a centrar en entender mejor qué son, cómo funcionan y para qué sirven las variables;https://profile.es/blog/variables-tipos-datos-java/;21 de junio de 2021
30;https://profile.es/wp-content/media/Instalar-y-configurar-Flutte-1-300x167.jpg;Desarrollo web;Tutorial de Flutter: instalar, configurar y crear nuestra primera aplicación;En este videotutorial te mostramos cómo instalar y configurar Flutter y creamos una pequeña aplicación para escritorio, móvil y la;https://profile.es/blog/tutorial-flutter-instalar-configurar/;14 de junio de 2021
31;https://profile.es/wp-content/media/Que-son-los-Celebration-Grids-300x140.png;Metodologías ágiles;Celebration Grids: qué son y por qué deberías empezar a usarlos;En Profile creemos ferviertemente en el Management 3.0, poniendo a las personas por delante del sistema. Por ello, vamos incorporando;https://profile.es/blog/celebration-grids/;7 de junio de 2021
32;https://profile.es/wp-content/media/primer-disco-duro-Ramac-I-min-1-300x140.png;Internet;Del primer disco duro Ramac I a la Inteligencia Artificial;No se me ocurre mejor manera de introducirnos en por qué nacen los nuevos y tan populares términos como Big;https://profile.es/blog/primer-disco-duro-ramac/;31 de mayo de 2021
33;https://profile.es/wp-content/media/mejores-plugins-figma-para-disenadores-300x140.jpg;UX;Los mejores plugins de Figma para diseñadores y desarrolladores en 2022;Hoy hacemos un repaso por los mejores plugins de Figma en 2022 para diseñadores y desarrolladores. Analizaremos las extensiones más;https://profile.es/blog/mejores-plugins-figma/;24 de mayo de 2021
34;https://profile.es/wp-content/media/Shu-Ha-Ri-300x140.png;Metodologías ágiles;¿Qué es Shu-Ha-Ri? Es hora de cambiar las reglas;En los tiempos actuales es bastante normal encontrar organizaciones que, de una forma u otra, funcionan (o dicen funcionar) bajo;https://profile.es/blog/que-es-shu-ha-ri/;17 de mayo de 2021
35;https://profile.es/wp-content/media/flutter-sdk-300x140.jpg;Mobile;Flutter, el SDK de Google para desarrollar apps multiplataforma con rendimiento nativo;En este post, analizaremos qué es Flutter, el SDK de Google que nos permitirá desarrollar aplicaciones multiplataforma (cross-platform) con rendimiento;https://profile.es/blog/que-es-flutter-sdk/;10 de mayo de 2021
36;https://profile.es/wp-content/media/mejores-editores-de-texto-300x167.jpg;Desarrollo web;Los 10 mejores editores de texto para desarrolladores y diseñadores;Cuando escuchamos editor de texto pensamos simplemente en un lugar para escribir y juntar palabras. Pero es mucho más. Estos;https://profile.es/blog/mejores-editores-texto/;30 de abril de 2021
37;https://profile.es/wp-content/media/tipos-de-aplicaciones-moviles-300x140.jpg;Mobile;Principales tipos de aplicaciones móviles: ventajas, desventajas y ejemplos;En este artículo explicaremos los diferentes tipos de aplicaciones móviles que podemos desarrollar, compararemos las ventajas y desventajas de cada;https://profile.es/blog/tipos-aplicaciones-moviles-ventajas-ejemplos/;27 de abril de 2021
38;https://profile.es/wp-content/media/spring-boot-como-servicio-linux-300x140.jpg;Desarrollo web;Cómo ejecutar una aplicación Spring Boot como un servicio Linux;En este post veremos cómo ejecutar una aplicación Spring Boot como un servicio Linux configurado desde un bash con configuración;https://profile.es/blog/spring-boot-como-servicio-linux/;19 de abril de 2021
39;https://profile.es/wp-content/media/como-hacer-un-value-stream-mapping-300x140.jpg;Metodologías ágiles;Cómo hacer un Value Stream Mapping: ejemplo de desarrollo de software;En el artículo de hoy vamos a explicar cómo aplicar la técnica de Lean llamada Value Stream Mapping (VSM), de;https://profile.es/blog/value-stream-mapping/;12 de abril de 2021
40;https://profile.es/wp-content/media/Configurar-Verdaccio-registro-privado-de-paquetes-npm-300x140.png;Desarrollo web;Configurar Verdaccio: registro privado de paquetes npm;En este post veremos cómo configurar Verdaccio con una configuración básica de permisos para disponer de un registro privado de;https://profile.es/blog/configurar-verdaccio-registro-privado-paquetes-npm/;5 de abril de 2021
41;https://profile.es/wp-content/media/pandas-python-300x140.jpg;Sin categorizar;Introducción a Pandas, la librería de Python para trabajar con datos;En este post te contamos qué es Pandas, por qué utilizarla y cuáles son las principales características de esta librería;https://profile.es/blog/pandas-python/;22 de marzo de 2021
42;https://profile.es/wp-content/media/WIP-Jira-1-300x140.png;Metodologías ágiles;Cómo configurar límites WIP en Jira;En este videotutorial te mostramos cómo configurar límites WIP en una instancia de Jira. Pero antes de ello, te ayudamos;https://profile.es/blog/limites-wip-jira/;16 de marzo de 2021
43;https://profile.es/wp-content/media/comparativa-codigo-de-barras-vs-codigo-qr-300x140.jpg;Desarrollo web;Código de barras vs. Código QR: diferencias para saber cuál elegir;Un código de barras y un código QR son dos opciones muy interesantes para codificar la información de tus productos;https://profile.es/blog/codigo-de-barras-codigo-qr-diferencias/;15 de marzo de 2021
44;https://profile.es/wp-content/media/portada-rebranding-profile-duotono-300x140.png;Profile;Rebranding de Profile: reflejando nuestra esencia;A finales de febrero vivimos momentos muy emocionantes en Profile. Y es que tras meses de duro trabajo, presentamos nuestra;https://profile.es/blog/rebranding-profile/;11 de marzo de 2021
45;https://profile.es/wp-content/media/Pair-programming-portada-recortada-min-300x140.jpg;Desarrollo web;Descubriendo el poder de Pair Programming;Muchos de los que me conocen ya saben que más que Scrum, Kanban… si hay algo que realmente creo que;https://profile.es/blog/pair-programming/;5 de marzo de 2021
46;https://profile.es/wp-content/media/qa-desarrollo-software-300x140.jpg;Desarrollo web;La importancia del QA en el desarrollo de software;¿Entregarías un proyecto al cliente sin asegurarte de que funciona todo tal y como se especificó en la toma de;https://profile.es/blog/qa-en-el-desarrollo-de-software/;1 de marzo de 2021
47;https://profile.es/wp-content/media/que-es-ionic-framework-1-300x139.jpg;Desarrollo web;Qué es Ionic: ventajas y desventajas de usarlo para desarrollar apps móviles híbridas;En este post hablamos de Ionic, uno de los frameworks más utilizados para la creación de aplicaciones móviles. Desgranamos las;https://profile.es/blog/que-es-ionic/;22 de febrero de 2021
48;https://profile.es/wp-content/media/ejecutar-aplicaciones-springboot-como-imagenes-nativas-de-graalvm-300x140.jpg;Desarrollo web;Ejecutar aplicaciones Spring Boot como imágenes nativas de GraalVM;En este post te mostramos paso a paso cómo ejecutar aplicaciones Spring Boot como imágenes nativas de GraalVM, para conseguir;https://profile.es/blog/imagenes-nativas-graalvm/;16 de febrero de 2021
49;https://profile.es/wp-content/media/Que-es-Adobe-XD-300x140.png;UX;Adobe XD, la herramienta ideal para crear prototipos de aplicaciones web;Adobe XD o Adobe Experience Design es una herramienta de diseño web muy útil para crear prototipos de aplicaciones web,;https://profile.es/blog/adobe-xd-prototipos/;8 de febrero de 2021
50;https://profile.es/wp-content/media/extensiones-de-Chrome-para-desarrolladores-Front-End-300x140.png;Desarrollo web;13 extensiones de Chrome para desarrolladores Front End;Google Chrome es el navegador más popular usado del mercado y esto hace que también sea el que mayor número;https://profile.es/blog/extensiones-chrome-front-end/;4 de febrero de 2021
51;https://profile.es/wp-content/media/Que-es-el-incremento-en-Scrum-1-300x140.png;Metodologías ágiles;El incremento en Scrum;En anteriores posts hemos repasado los diferentes artefactos que podemos encontrar bajo el framework Scrum (aquí puedes leer el post;https://profile.es/blog/incremento-scrum/;22 de enero de 2021
52;https://profile.es/wp-content/media/que-es-un-algoritmo-informatico-300x140.jpg;Desarrollo web;Qué es un algoritmo informático: características, tipos y ejemplos;La palabra «algoritmo» es un concepto comúnmente relacionado con el ámbito de la informática y está cada vez más presente;https://profile.es/blog/que-es-un-algoritmo-informatico/;21 de enero de 2021
53;https://profile.es/wp-content/media/Que-es-API-Rest-300x140.png;Desarrollo web;API REST: breve guía imprescindible;En esta ocasión os traemos un artículo sobre uno de los conceptos más recurrentes en el mundo del desarrollo de;https://profile.es/blog/api-rest-breve-guia-imprescindible/;21 de enero de 2021
54;https://profile.es/wp-content/media/portada-css3-300x140.png;Desarrollo web;Últimas tendencias en CSS3 por Statesoffcss;Statesoffcss es una encuesta de desarrollo web a nivel mundial que se realiza una vez al año para valorar y;https://profile.es/blog/tendencias-en-css3-por-statesoffcss/;8 de enero de 2021
55;https://profile.es/wp-content/media/Posts-del-blog-de-Profile-mas-leidos-de-2020-v2-min-300x140.png;Lo más leído;Los 10 post del blog de Profile más leídos de 2020;Este año, en el blog de Profile hemos hablado de temas como arquitectura y desarrollo de software, programación, Agile, UX…;https://profile.es/blog/los-10-post-del-blog-de-profile-mas-leidos-de-2020/;8 de enero de 2021
56;https://profile.es/wp-content/media/SchemaSpy-300x167.jpg;Desarrollo web;Cómo documentar tus bases de datos con SchemaSpy;¿Cuántas veces hemos tenido que incorporarnos a un proyecto existente del cual no conocemos ni siquiera su modelo de datos;https://profile.es/blog/como-documentar-tus-bases-de-datos-con-schemaspy/;8 de enero de 2021
57;https://profile.es/wp-content/media/Automatizando-tareas-con-Slack-bots-min-300x140.png;Desarrollo web;Automatizando tareas mediante bots en Slack;En el mundo en el que vivimos actualmente, cada vez es más necesario automatizar tareas que resulta tedioso realizarlas de;https://profile.es/blog/automatizando-tareas-mediante-slack-bots/;8 de enero de 2021
58;https://profile.es/wp-content/media/Portada-Sprint-Backlog-v2-min-300x140.png;Metodologías ágiles;Artefactos Scrum: el Sprint Backlog;Hoy volvemos a la carga con la segunda entrega sobre los artefactos en Scrum: el Sprint Backlog (dejo por aquí el;https://profile.es/blog/artefactos-scrum-el-sprint-backlog/;23 de noviembre de 2020
59;https://profile.es/wp-content/media/Portada-React-Hooks-min-300x141.png;Desarrollo web;Introducción a React Hooks: cómo sacarle el máximo partido;React, React.js o ReactJS es una biblioteca de JavaScript para construir interfaces de usuario, que ayuda a los desarrolladores a;https://profile.es/blog/react-hooks/;17 de noviembre de 2020
60;https://profile.es/wp-content/media/plugins-visual-studio-code-300x140.jpg;Desarrollo web;Los mejores plugins de Visual Studio Code para desarrolladores web;Visual Studio Code es un editor de código open source multiplataforma desarrollado por Microsoft, bastante popular en la comunidad del;https://profile.es/blog/visual-studio-code-plugins/;16 de noviembre de 2020
61;https://profile.es/wp-content/media/Test-de-usabilidad-300x140.jpg;UX;Mejora la usabilidad usando test con usuarios;A estas alturas seguro que has oído hablar de los test con usuarios y es muy probable que tengas una;https://profile.es/blog/mejora-de-la-usabilidad-basandonos-en-test-con-usuarios/;12 de noviembre de 2020
62;https://profile.es/wp-content/media/programacion-orientada-a-objetos-1-300x140.jpg;Desarrollo web;¿Qué es la Programación Orientada a Objetos?;La Programación Orientada a Objetos (POO) es un paradigma de programación, es decir, un modelo o un estilo de programación;https://profile.es/blog/que-es-la-programacion-orientada-a-objetos/;2 de noviembre de 2020
63;https://profile.es/wp-content/media/Portada-Integracion-de-RabbitMQ-con-Spring-min-300x139.png;Desarrollo web;Aprende a integrar Spring y RabittMQ usando Spring Cloud Stream;Spring Boot es uno de los frameworks más populares en la actualidad y, dada esta popularidad, existen muchas implementaciones, como;https://profile.es/blog/integracion-de-rabbitmq-con-spring/;27 de octubre de 2020
64;https://profile.es/wp-content/media/User-Research-min-300x139.png;UX;Introducción al User research;Hay quien piensa que el User research o investigación de usuarios solo consiste en realizar pruebas de usabilidad para garantizar;https://profile.es/blog/introduccion-al-user-research/;20 de octubre de 2020
65;https://profile.es/wp-content/media/Prometheus-300x140.jpg;Desarrollo web;Registro dinámico en Prometheus;Hoy en día, con el aumento de soluciones y alternativas para desarrollar nuestras aplicaciones, en muchas ocasiones dejamos de lado;https://profile.es/blog/registro-dinamico-en-prometheus/;13 de octubre de 2020
66;https://profile.es/wp-content/media/mejores-librerias-java-300x140.jpg;Desarrollo web;6 librerías imprescindibles en Java;Un desarrollador Java experto debe dominar su API, todas las opciones recogidas en el JKD (Java Development Kit), pero también;https://profile.es/blog/librerias-java/;6 de octubre de 2020
67;https://profile.es/wp-content/media/que-es-python-300x140.jpg;Desarrollo web;Python, el lenguaje de programación más popular de 2021;Python es un lenguaje de programación cuya filosofía hace hincapié en la legibilidad de su código facilitando su administración. Es;https://profile.es/blog/python/;28 de septiembre de 2020
68;https://profile.es/wp-content/media/product-backlog-final-min-300x200.png;Metodologías ágiles;Introducción a los artefactos Scrum: El Product Backlog;En el post de hoy me gustaría hablar sobre un elemento al que creo que no se le está dando;https://profile.es/blog/product-backlog/;21 de septiembre de 2020
69;https://profile.es/wp-content/media/que-es-kanban-1-300x140.jpg;Metodologías ágiles;Qué es Kanban y cómo aplicarlo al desarrollo de software;Últimamente no paramos de oír hablar sobre Kanban en desarrollo de software. Pero ¿sabes qué es Kanban y cómo implementarlo?;https://profile.es/blog/que-es-kanban-y-como-aplicarlo-al-desarrollo-de-software/;14 de septiembre de 2020
70;https://profile.es/wp-content/media/Portada-conectar-Jira-Cloud-con-Slack-play-300x140.jpg;Productividad;Techie Pills: Cómo conectar Jira Cloud con Slack;Si quieres estar al tanto de cambios en tareas y proyectos te mostramos en este sencillo videotutorial sobre cómo conectar;https://profile.es/blog/conectar-jira-cloud-con-slack/;7 de septiembre de 2020
71;https://profile.es/wp-content/media/Portada-Scrum-300x140.jpg;Metodologías ágiles;¿Qué es Scrum? Roles y proceso;Hoy hablamos sobre qué es Scrum. Un marco de trabajo (framework) ágil en el que se aplican un conjunto;https://profile.es/blog/que-es-scrum/;28 de agosto de 2020
72;https://profile.es/wp-content/media/desarrollo-aplicaciones-web-300x140.jpg;Desarrollo web;Tipos de desarrollo de aplicaciones web: ejemplos y características;El desarrollo de aplicaciones web es una solución habitual durante los últimos años por las distintas posibilidades que ofrecen de;https://profile.es/blog/desarrollo-aplicaciones-web/;24 de agosto de 2020
73;https://profile.es/wp-content/media/Poder-buena-retrospectiva-0-v2-min-fondo-min-300x200.webp;Metodologías ágiles;El poder de una buena retrospectiva ágil: claves para el éxito;Si te dedicas al mundo del software, la palabra retrospectiva te sonará para bien o para mal. Digo para bien o;https://profile.es/blog/retrospectiva-agil/;17 de agosto de 2020
74;https://profile.es/wp-content/media/Tips-UX-portada-min-300x200.png;Desarrollo web;5 tips de diseño para desarrolladores que se inician en UX / UI;En este artículo, compartimos 5 tips de diseño para desarrolladores que les serán de gran utilidad para enfrentarse a un;https://profile.es/blog/tips-diseno-para-desarrolladores/;7 de agosto de 2020
75;https://profile.es/wp-content/media/convertirse-en-desarrollador-senior-300x140.jpg;Desarrollo web;Cómo pasar de desarrollador junior a desarrollador senior;Llegar a ser un desarrollador senior es algo a lo que muchos desarrolladores junior aspiran en su carrera profesional durante;https://profile.es/blog/desarrollador-senior/;27 de julio de 2020
76;https://profile.es/wp-content/media/Portada-Ciberseguridad-Vacaciones-min-300x169.png;Desarrollo web;Recomendaciones de ciberseguridad para las vacaciones;Las vacaciones de verano nos permiten desconectar, pero pocos lo hacemos del todo, especialmente si hablamos de permanecer conectados a;https://profile.es/blog/vacaciones-ciberseguridad/;13 de julio de 2020
77;https://profile.es/wp-content/media/mejores-librerias-javascript-300x140.jpg;Desarrollo web;12 librerías JavaScript que deberías conocer;JavaScript (JS) es uno de los lenguajes más populares y de los más usados por los desarrolladores en los últimos;https://profile.es/blog/librerias-javascript/;8 de julio de 2020
78;https://profile.es/wp-content/media/portada-Trello-min-300x140.webp;Negocio y Transformación Digital;Trello: trucos de experto para ser más productivo;Hoy os traemos unos trucos de experto en Trello para exprimir al máximo nuestro rendimiento. El auge del teletrabajo por;https://profile.es/blog/trucos-trello/;30 de junio de 2020
79;https://profile.es/wp-content/media/patrones-de-diseno-de-software-1-300x140.jpg;Desarrollo web;¿Qué son los patrones de diseño de software?;Si eres programador o estás despegando en el desarrollo informático y la programación, tarde o temprano te toparás con el;https://profile.es/blog/patrones-de-diseno-de-software/;24 de junio de 2020
80;https://profile.es/wp-content/media/Lean-1-300x140.jpg;Metodologías ágiles;Qué es Lean: valores y herramientas;¿Qué es Lean? La traducción del propio concepto (esbelto) ya nos da alguna pista de qué es Lean. Para explicarlo,;https://profile.es/blog/lean-valores-y-herramientas/;15 de junio de 2020
81;https://profile.es/wp-content/media/que-son-paradigmas-programacion-300x140.jpg;Desarrollo web;¿Qué son los paradigmas de programación?;¿Qué es un paradigma de programación? Un paradigma de programación es una manera o estilo de programación de software. Existen;https://profile.es/blog/que-son-los-paradigmas-de-programacion/;9 de junio de 2020
82;https://profile.es/wp-content/media/Lenguajes-de-programacion-mas-queridos-1-300x169.jpg;Desarrollo web;Los lenguajes de programación más queridos y más odiados;¿Quieres aprender un nuevo lenguaje de programación? Hacer un estudio de los más populares y demandados por las empresas puede;https://profile.es/blog/los-lenguajes-de-programacion-mas-queridos-y-mas-odiados/;3 de junio de 2020
83;https://profile.es/wp-content/media/Spring-Boot-2-min-300x140.jpg;Desarrollo web;Comparte tu local en Spring Boot;El pasado jueves, nuestro compañero Francisco Javier Delgado, impartió una pequeña pero interesante charla sobre cómo compartir tu localhost con;https://profile.es/blog/comparte-tu-local-en-spring-boot/;1 de junio de 2020
84;https://profile.es/wp-content/media/Red-neuronal-min-300x140.jpg;Desarrollo web;¿Qué es una red neuronal?;Una red neuronal es un modelo de procesamiento basado en el aprendizaje que se inspira en el funcionamiento del sistema;https://profile.es/blog/que-es-una-red-neuronal/;25 de mayo de 2020
85;https://profile.es/wp-content/media/Micronaut-launch-portada-2-300x140.png;Desarrollo web;Profile colabora en el desarrollo de Micronaut Launch;El pasado jueves 30 de abril, Object Computing, la empresa responsable del desarrollo del framework Java Micronaut, anunció una nueva;https://profile.es/blog/micronaut-launch/;17 de mayo de 2020
86;https://profile.es/wp-content/media/huevera-min-1-300x140.jpg;Desarrollo web;Mapas personales: construyendo confianza en un equipo;Son muchas las tareas se tienen que hacer cuando se comienza un nuevo proyecto para asegurar el éxito del mismo.;https://profile.es/blog/mapas-personales/;12 de mayo de 2020
87;https://profile.es/wp-content/media/swagger-300x140.jpg;Desarrollo web;Exprimiendo Swagger;A la hora de diseñar una API que va a ser consumida por un tercero, ya sea un perfil de;https://profile.es/blog/exprimiendo-swagger/;30 de abril de 2020
88;https://profile.es/wp-content/media/Change-2-300x140.webp;Metodologías ágiles;Métricas para lograr la Transformación Ágil;Muchas organizaciones han emprendido la llamada transformación ágil basada en el desarrollo ágil de nuevos productos o servicios. Pero, ¿cómo;https://profile.es/blog/metricas-transformacion-agil/;28 de abril de 2020
89;https://profile.es/wp-content/media/Descatada-Libros-diseno-ux-min-1-300x140.jpg;UX;10 libros fundamentales sobre diseño UX;El diseño y experiencia de usuario (UX) se está convirtiendo en un factor clave y fundamental para el desarrollo y;https://profile.es/blog/libros-fundamentales-sobre-diseno-ux/;23 de abril de 2020
90;https://profile.es/wp-content/media/herramientas-software-colaborativo-300x140.jpg;Desarrollo web;6 herramientas de desarrollo de software colaborativo en tiempo real;Las empresas tecnológicas dedicadas al desarrollo de software a veces pueden encontrarse con dificultades para adaptar sus procesos y asegurar;https://profile.es/blog/herramientas-de-desarrollo-de-software/;14 de abril de 2020
91;https://profile.es/wp-content/media/TechiePillsportadablog_optimized-300x140.jpg;Desarrollo web;Techie Pills: La herramienta de productividad Alfred;Alfred App y su equivalente para Linux “Albert”, es una aplicación de productividad con increíbles posibilidades. Se trata de un;https://profile.es/blog/techie-pills-alfred/;7 de abril de 2020
92;https://profile.es/wp-content/media/WebComponentsportada-min_optimized-300x140.jpg;Desarrollo web;Dividir es vencer: creando Web Component con Stencil.js;¿Por qué usamos Web Components? El futuro, o mejor dicho el presente, parece ir encaminado a la utilización de Web;https://profile.es/blog/dividir-es-vencer-creando-web-component-con-stencil-js/;31 de marzo de 2020
93;https://profile.es/wp-content/media/cursos-gratuitos-de-google-sobre-programacion-300x140.jpg;Formación;Los 7 cursos gratuitos de Google sobre programación más útiles;Es probable que estos días estés recibiendo mucha información sobre actividades y opciones formativas para aprovechar el tiempo. Realmente puede;https://profile.es/blog/cursos-gratuitos-de-google-sobre-programacion/;24 de marzo de 2020
94;https://profile.es/wp-content/media/restrospectiva-de-final-de-proyecto-1-300x140.jpg;Metodologías ágiles;La importancia de la retrospectiva de final de proyecto;Cuando finalizamos un proyecto acabamos con muchas sensaciones distintas. Recordamos algunas cosas con una sonrisa, y otras que nos gustaría;https://profile.es/blog/retrospectiva-de-final-de-proyecto/;19 de marzo de 2020
95;https://profile.es/wp-content/media/ivy-angular-9-1-300x140.jpg;Desarrollo web;Todo lo que necesitas saber sobre Ivy, el nuevo motor de renderizado de Angular 9;En este artículo vamos a explicar qué es Ivy, el nuevo motor de renderizado de Google implantado en la versión;https://profile.es/blog/angular9/;10 de marzo de 2020
96;https://profile.es/wp-content/media/STACKBIT-PORTADA-300x140.jpg;Desarrollo web;Introducción a JAMStack (II): Crea y gestiona tu web JAMStack con Stackbit;Stackbit: un generador de sitios JAMStack En el anterior post hemos descrito en qué consiste JAMStack y la arquitectura que propone.;https://profile.es/blog/stackbit/;5 de marzo de 2020
97;https://profile.es/wp-content/media/Portada-JamStack-1-300x140.jpg;Desarrollo web;Introducción a JAMStack (I): una arquitectura web orientada al contenido estático;1. Origen y motivación de JAMStack El término JAMstack designa un nuevo enfoque arquitectónico en el desarrollo de aplicaciones web.;https://profile.es/blog/introduccion-a-jamstack-i/;25 de febrero de 2020
98;https://profile.es/wp-content/media/46776549_s-300x140.jpg;Metodologías ágiles;El complejo arte de priorizar y las mejores técnicas para mejorar tu productividad;¿Tienes la sensación de que no llegas a todo? ¿te planteas objetivos constantemente y no llegas a ellos? Sin;https://profile.es/blog/las-mejores-tecnicas-para-mejorar-tu-productividad/;20 de febrero de 2020
99;https://profile.es/wp-content/media/Podcast-tecnologia-y-programacion-300x140.jpg;Internet;Podcasts sobre tecnología que no te deberías perder;Los medios de comunicación han cambiado mucho en los últimos años. La radio, en particular, ha afrontado grandes retos,;https://profile.es/blog/podcasts-sobre-tecnologia/;13 de febrero de 2020
100;https://profile.es/wp-content/media/Oficina-Sevilla-300x140.jpg;Empleo IT;Metodología Brew Eager: nuestra oficina de Profile en Sevilla;Cuando nos propusieron escribir un artículo para el blog, lo primero que pensamos fue buscar una tecnología que estuviera de;https://profile.es/blog/nuestra-oficina-de-profile-en-sevilla/;4 de febrero de 2020
101;https://profile.es/wp-content/media/Experiencia-de-usuario-2-300x140.png;UX;El check list definitivo para mejorar la experiencia de usuario de tu web (UX);Si estás pensando en crear o rediseñar tu sitio web y conseguir buenos resultados, uno de los aspectos fundamentales que;https://profile.es/blog/checklist-experiencia-de-usuario/;29 de enero de 2020
102;https://profile.es/wp-content/media/Edge-Chromium-300x141.jpg;Desarrollo web;Living on the Edge Chromium, el nuevo navegador de Microsoft;Hace apenas un año Microsoft anunciaba el nacimiento de su nuevo navegador y el paso definitivo para acabar con sus;https://profile.es/blog/edge-chromium-el-nuevo-navegador-de-microsoft/;20 de enero de 2020
103;https://profile.es/wp-content/media/Imagen-de-portada-300x140.jpg;Desarrollo web;¿Buscas trabajo en el sector IT? Estos son los empleos que tendrán más éxito en el 2020;La transformación digital y la innovación tecnológica son las actuales protagonistas del mercado laboral. Así y en consonancia con la;https://profile.es/blog/tendecia-de-empleo-it/;13 de enero de 2020
104;https://profile.es/wp-content/media/vuejs-framework-progresivo-300x140.jpg;Desarrollo web;Vue.js: un framework progresivo;Vue (pronunciado “viu”) es un framework open source de Javascript, creado por el ex trabajador de Google Evan You, que;https://profile.es/blog/vue-js-un-framework-progresivo/;12 de noviembre de 2019
105;https://profile.es/wp-content/media/commit-conf-madrid-evento-desarrolladores-300x140.jpg;Eventos;¿Nos vemos en Commit Conf 2019?;La conferencia Commit celebrará su segunda edición los próximos 22 y 23 de diciembre en la Madrid. La Universidad San;https://profile.es/blog/nos-vemos-en-commit-conf-2019/;5 de noviembre de 2019
106;https://profile.es/wp-content/media/GDG-DevFest-Sevilla-2019-profile-cronica-blog-300x140.jpg;Eventos;Y el GDG DevFest llegó a Sevilla;El pasado viernes 11 de octubre, se celebró en el auditorio del Acuario de Sevilla el GDG DevFest 2019, al;https://profile.es/blog/gdg-devfest-sevilla-2019/;17 de octubre de 2019
107;https://profile.es/wp-content/media/Codemotion-2019-cronica-300x140.jpg;Eventos;Crónica de Codemotion Madrid 2019;Los días 24 y 25 de septiembre, Kinépolis Ciudad de la Imagen acogió una nueva edición de Codemotion Madrid. Un;https://profile.es/blog/cronica-de-codemotion-madrid-2019/;8 de octubre de 2019
108;https://profile.es/wp-content/media/videojuegos-para-aprender-a-programar-mejor-300x140.jpg;Desarrollo web;5 Videojuegos para aprender a programar mejor;Es de sobra conocida la dificultad que encaran muchas empresas para encontrar profesionales de la programación y la arquitectura de;https://profile.es/blog/videojuegos-para-aprender-a-programar-mejor/;29 de agosto de 2019
109;https://profile.es/wp-content/media/desarrollador-frontend-backend-o-fullstack-1-300x140.jpg;Desarrollo web;¿Desarrollador frontend, backend o fullstack?;Repasamos los perfiles del desarrollador frontend, backend o fullstack en el terreno de la arquitectura de software y la programación.;https://profile.es/blog/desarrollador-frontend-backend-o-fullstack/;1 de agosto de 2019
110;https://profile.es/wp-content/media/agile-open-spain-cronica-aos-2019-bilbaos-300x140.jpg;Eventos;Crónica de Agile Open Spain – AOS 2019;¡Repetimos evento! Y este año, con el orgullo de que mi propia casa, Profile, patrocine y apueste por este tipo;https://profile.es/blog/cronica-de-agile-open-spain-aos-2019/;18 de julio de 2019
111;https://profile.es/wp-content/media/podcasts-programacion-espanol-300x140.jpg;Desarrollo web;6 podcasts sobre programación en español + bonus;Los podcasts son una excelente manera de aprovechar tiempos muertos de nuestro día a día para seguir aprendiendo e informarnos;https://profile.es/blog/6-podcasts-sobre-programacion-en-espanol-bonus/;7 de julio de 2019
112;https://profile.es/wp-content/media/taller-micronaut-profile-sevilla-alvaro-sanchez-300x140.jpg;Eventos;Taller: Introducing Micronaut;El pasado viernes 7 de junio se celebró en el coworking iSspaces -anfitrión de nuestra sede en Sevilla- el primer;https://profile.es/blog/taller-introducing-micronaut/;13 de junio de 2019
113;https://profile.es/wp-content/media/profile-patrocina-agile-open-spain-aos-2019-300x140.jpg;Eventos;Profile patrocina Agile Open Spain – AOS 2019;Agile Open Spain, uno de los eventos más importantes en España sobre agilismo, celebrará su 11ª edición los próximos 27;https://profile.es/blog/profile-patrocina-agile-open-spain-aos-2019/;12 de junio de 2019
114;https://profile.es/wp-content/media/cronica-Agility-TRes60-2019-agilismo-ok-300x140.jpg;Eventos;Agility TRes60 2019: “Stop managing people, start managing systems”;La segunda edición de Agility TRes60 tuvo lugar el pasado 25 de mayo en las oficinas de Liferay en Madrid.;https://profile.es/blog/agility-tres60-2019-stop-managing-people-start-managing-systems/;5 de junio de 2019
115;https://profile.es/wp-content/media/evento-micronaut-profile-sevilla-300x140.jpg;Eventos;AGENDA: Taller sobre Micronaut en Profile Sevilla;Desde Profile Sevilla, en colaboración con Sevilla Java User Group  (SVQJUG),  la empresa Object Computing y el coworking ISspaces, hemos;https://profile.es/blog/agenda-taller-sobre-micronaut-en-profile-sevilla/;23 de mayo de 2019
116;https://profile.es/wp-content/media/Fabric8-gestion-imagenes-contenedores-docker-desde-maven-300x140.jpg;Desarrollo web;Fabric8: Gestión de imágenes y contenedores Docker desde Maven;En este post vamos a hablarte de una herramienta que puede resultarte de gran utilidad: Fabric8 Maven Plugin. Pero antes,;https://profile.es/blog/fabric8-gestion-imagenes-y-contenedores-docker-desde-maven/;21 de mayo de 2019
117;https://profile.es/wp-content/media/graphql-una-alternativa-a-rest-2de2-300x140.jpg;Desarrollo web;GraphQL: una alternativa a REST (2/2);En el anterior artículo sobre GraphQL repasamos las principales características de este lenguaje de consultas como alternativa a REST. En;https://profile.es/blog/graphql-una-alternativa-a-rest-parte-2/;9 de mayo de 2019
118;https://profile.es/wp-content/media/graphql-una-alternativa-a-rest-1de2-300x140.jpg;Desarrollo web;GraphQL: una alternativa a REST (1/2);Desde su publicación en 2015 GraphQL se ha ido estableciendo en el panorama tecnológico como una interesante alternativa a REST;https://profile.es/blog/graphql-una-alternativa-a-rest-parte-1/;30 de abril de 2019
119;https://profile.es/wp-content/media/30-recomendaciones-dia-del-libro-empleados-profile-300x140.jpg;Profile;30 recomendaciones para el Día del Libro;¡En Profile nos gusta celebrar el Día del Libro! Ya lo hicimos el año pasado con una selección de libros;https://profile.es/blog/30-recomendaciones-para-el-dia-del-libro/;23 de abril de 2019
120;https://profile.es/wp-content/media/Verificacion-tipos-estatica-React-TypeScript-300x140.jpg;Desarrollo web;Verificación de tipos estática en React con TypeScript;React es la librería frontend de moda. La recién publicada 2019 Stack Overflow Developer Survey lo coloca como el segundo;https://profile.es/blog/verificacion-de-tipos-estatica-en-react-con-typescript/;16 de abril de 2019
121;https://profile.es/wp-content/media/Descubriendo-kotlin-lenguaje-programacion-desarrollo-300x140.png;Desarrollo web;Descubriendo Kotlin;En este post te voy a hablar de un lenguaje de programación emergente que está dando mucho que hablar desde;https://profile.es/blog/descubriendo-kotlin-lenguaje-programacion/;11 de abril de 2019
122;https://profile.es/wp-content/media/comunicacion-y-confianza-en-equipo-agil-profile-ok-300x140.jpg;Metodologías ágiles;¿Cómo trabajar la comunicación y la confianza en un equipo ágil?;Trabajar con un equipo ágil es trabajar con personas: con sus circunstancias particulares, días malos, con sus problemas, ambiciones, miedos;https://profile.es/blog/trabajar-comunicacion-confianza-equipo-agil/;3 de abril de 2019
123;https://profile.es/wp-content/media/comparativa-orquestacion-docker-swarm-kubernetes-apache-mesos-300x167.jpg;Desarrollo web;Comparativa de orquestadores: Docker Swarm vs Kubernetes vs Apache Mesos;El apogeo de los contenedores ha transformado la manera de enfocar el desarrollo, el despliegue y el mantenimiento de aplicaciones.;https://profile.es/blog/comparativa-de-orquestadores-docker-swarm-vs-kubernetes-vs-apache-mesos/;21 de marzo de 2019
124;https://profile.es/wp-content/media/extreme-programming-300x140.jpg;Desarrollo web;¿Eres un programador extremo? Introducción a eXtreme Programming;Si has oído hablar de Agile o agilidad, seguro que te suenan palabras como Scrum, Kanban o incluso el Agile;https://profile.es/blog/programador-extremo-extreme-programming/;7 de marzo de 2019
125;https://profile.es/wp-content/media/omnicanalidad-retos-claves-y-ventajas-300x140.jpg;Negocio y Transformación Digital;3 retos de una estrategia omnicanal;La transformación digital de la sociedad provocada, entre otros factores, por la irrupción de las nuevas tecnologías y la adopción;https://profile.es/blog/retos-de-estrategia-omnicanal/;21 de febrero de 2019
126;https://profile.es/wp-content/media/lenguajes-de-programacion-mas-populares-2019-300x140.jpg;Desarrollo web;¿Cuáles son los lenguajes de programación más populares?;El mundo del desarrollo de software y la programación evoluciona constantemente. Lo saben bien los profesionales del sector. Programadores e;https://profile.es/blog/cuales-son-los-lenguajes-de-programacion-mas-populares/;30 de enero de 2019
127;https://profile.es/wp-content/media/profile-patrocina-t3chfest-2019-300x140.jpg;Eventos;Profile estará presente en T3chfest 2019;¡Vuelve T3chfest! Los días 14 y 15 de marzo el Auditorio de la Universidad Carlos III de Madrid (Campus de;https://profile.es/blog/profile-estara-presente-en-t3chfest-2019/;24 de enero de 2019
128;https://profile.es/wp-content/media/desarrollar-una-app-movil-300x140.jpg;Mobile;Quiero desarrollar una app móvil… ¿Por dónde empiezo?;Estoy seguro de que en alguna ocasión se te ha ocurrido alguna idea o solución de negocio relacionadas con el;https://profile.es/blog/quiero-desarrollar-una-app-movil-por-donde-empiezo/;16 de enero de 2019
129;https://profile.es/wp-content/media/cronica-cas-2018-conferencia-agile-spain-300x140.jpg;Eventos;CAS 2018: Crónica de la Conferencia Agile Spain;Tras un último trimestre del año repleto de eventos, el broche de oro lo puso el evento por antonomasia sobre;https://profile.es/blog/cas-2018-cronica-de-conferencia-agile-spain/;10 de enero de 2019
130;https://profile.es/wp-content/media/Loleido2018-blog-profile-OK-300x140.jpg;Lo más leído;Lo más leído del Blog de Profile en 2018;Termina 2018 y ha sido un año espléndido para nuestro blog. En este post queremos fijarnos en los posts más;https://profile.es/blog/lo-mas-leido-blog-profile-2018/;20 de diciembre de 2018
131;https://profile.es/wp-content/media/cronica-commit-2018-profile-software-services-300x140.jpg;Eventos;Crónica de Commit Conf 2018;Los días 23 y 24 de noviembre estuvimos en Commit, la primera edición de un nuevo evento (antes bajo la;https://profile.es/blog/cronica-de-commit-conf-2018/;30 de noviembre de 2018
132;https://profile.es/wp-content/media/principios-solid-desarrollo-software-1-300x140.jpg;Desarrollo web;SOLID: los 5 principios que te ayudarán a desarrollar software de calidad;Si hablamos de diseño y desarrollo de aplicaciones, Principios SOLID son unas palabras que debes conocer como uno de los;https://profile.es/blog/principios-solid-desarrollo-software-calidad/;22 de noviembre de 2018
133;https://profile.es/wp-content/media/profile-sevilla-oficina-crece-300x140.jpg;Profile;Crece la oficina de Profile en Sevilla;A principios de este verano anunciábamos en nuestro blog la apertura de la oficina de Profile en Sevilla, que se;https://profile.es/blog/crece-la-oficina-de-profile-sevilla/;7 de noviembre de 2018
134;https://profile.es/wp-content/media/Cronica-Peopleware-Agile-Management-2018-300x140.jpg;Eventos;Peopleware Agile Management 2018: Episodio IV;El jueves 18 de Octubre tocaba evento de los que apetecen: el Peopleware Agile Management (PAM). Había comprado la entrada;https://profile.es/blog/peopleware-agile-management-2018-episodio-iv/;30 de octubre de 2018
135;https://profile.es/wp-content/media/Profile-patrocina-commit-OK-300x140.jpg;Eventos;Más de 2000 profesionales tecnológicos se darán cita en Commit;[ACTUALIZACIÓN | Lee la crónica de Commit Conf 2018] El Campus Montepríncipe de la Universidad San Pablo CEU acogerá la conferencia;https://profile.es/blog/mas-de-2000-profesionales-tecnologicos-se-daran-cita-en-commit/;25 de octubre de 2018
136;https://profile.es/wp-content/media/desarrollo-aplicaciones-unique-frontend-strategy-300x140.jpg;Desarrollo web;Unique FrontEnd Strategy: desarrollo de aplicaciones optimizado;El desarrollo de apps móviles y aplicaciones web exige una toma de decisiones alineada con la evolución tecnológica del momento;https://profile.es/blog/unique-front-end-strategy-desarrollo-de-aplicaciones-optimizado/;23 de octubre de 2018
137;https://profile.es/wp-content/media/baos2018-el-hechizo-de-big-agile-open-space-300x140.jpg;Eventos;El hechizo del Big Agile Open Space 2018;El Big Agile Open Space es un evento en el que las personas acuden como copartícipes de cada una de;https://profile.es/blog/el-hechizo-del-big-agile-open-space-2018/;11 de octubre de 2018
138;https://profile.es/wp-content/media/Relacion-entre-el-scrum-master-y-el-product-owner-webp-300x167.jpg;Metodologías ágiles;La relación entre Scrum Master y Product Owner;Cualquier persona que haya trabajado con Scrum, conocerá estos roles. Ya que no es el objetivo de este post explicar;https://profile.es/blog/relacion-entre-scrum-master-y-product-owner/;4 de octubre de 2018
139;https://profile.es/wp-content/media/Diseno-de-interaccion-buenas-practicas-300x167.jpg;UX;6 buenas prácticas del Diseño de Interacción (IxD);A la hora de crear un producto digital con el objetivo de ofrecer una buena experiencia de usuario, es indispensable;https://profile.es/blog/diseno-de-interaccion-buenas-practicas/;25 de septiembre de 2018
140;https://profile.es/wp-content/media/Profile-partner-IBM-300x140.jpg;Profile;Ampliamos alianzas: somos business partner de IBM;Como consultora tecnológica, en Profile somos conscientes de la importancia de establecer alianzas con líderes tecnológicos con el objetivo de;https://profile.es/blog/profile-business-partner-de-ibm/;17 de septiembre de 2018
141;https://profile.es/wp-content/media/kafka-streams-300x167.jpg;Desarrollo web;Creando microservicios de tiempo real con Kafka Streams;La actual adopción generalizada de las arquitecturas basadas en microservicios ha estado motivada, entre otros factores, por el conjunto de;https://profile.es/blog/creando-microservicios-de-tiempo-real-con-kafka-streams/;13 de septiembre de 2018
142;https://profile.es/wp-content/media/formacion-online-tendencias-IT-cloud-pwa-devops-blockchain-ia-ml-iot-300x140.jpg;Formación;25 cursos gratis online sobre tendencias IT;Ya recopilamos en este blog 20 cursos online y gratis sobre programación y ahora hemos querido seleccionar 25 cursos que;https://profile.es/blog/25-cursos-gratis-online-sobre-tendencias-it/;23 de agosto de 2018
143;https://profile.es/wp-content/media/Que-es-devops-daft-punk-harder-better-faster-stronger-300x140.jpg;Metodologías ágiles;¿Qué es DevOps? Aclarando el significado;Hay diversas opiniones sobre a qué se refería Daft Punk en su célebre tema Harder, Better, Faster, Stronger, pero podría;https://profile.es/blog/que-es-devops-harder-better-faster-stronger/;12 de julio de 2018
144;https://profile.es/wp-content/media/profile-sevilla-isspaces-300x142.jpg;Profile;Nueva oficina de Profile en Sevilla;La capital andaluza es la ciudad elegida para abrir la nueva oficina dentro del plan de crecimiento y expansión territorial;https://profile.es/blog/nueva-oficina-de-profile-en-sevilla/;21 de junio de 2018
145;https://profile.es/wp-content/media/AgilityTres60-evento-agilismo-en-Madrid-profile-300x140.jpg;Eventos;Así fue la primera edición de Agility TRes60, el nuevo evento sobre agilismo;El pasado 2 de Junio tuve el placer de asistir a la primera edición de Agility TRes60 en Madrid. Este;https://profile.es/blog/asi-fue-la-primera-edicion-de-agility-tres60-el-nuevo-evento-sobre-agilismo/;19 de junio de 2018
146;https://profile.es/wp-content/media/progressive-web-apps-pwa-300x201.png;Mobile;Progressive Web Apps (PWA): la nueva generación de aplicaciones móviles;Seguro que has oído hablar de las Progressive Web Apps (PWA). Dentro del debate sobre el futuro de las apps;https://profile.es/blog/progressive-web-apps-la-nueva-generacion-de-aplicaciones/;29 de mayo de 2018
147;https://profile.es/wp-content/media/pwa-empleados-profile-goOK-300x140.jpg;Mobile;ProfileGo!, la PWA para empleados de Profile;El equipo Mobile de Profile, liderado por Daniel Triguero, ha creado ProfileGo!, una app móvil interna dirigida a todos los;https://profile.es/blog/profilego-la-pwa-para-empleados-de-profile/;27 de mayo de 2018
148;https://profile.es/wp-content/media/Examen-certificacion-CKA-Certified-Kubernetes-Administrator-1-300x140.jpg;Cloud Computing;Cómo superar el examen de Certified Kubernetes Administrator (CKA);En este artículo te contamos cómo preparar el examen de Certified Kubernetes Administrator (CKA) y te compartimos algunas claves para;https://profile.es/blog/consejos-para-superar-el-examen-de-certified-kubernetes-administrator-cka/;17 de mayo de 2018
149;https://profile.es/wp-content/media/directivas-de-angular-programacion-300x140.jpg;Desarrollo web;Angular Templates: las directivas ng-template, ng-container y ngTemplateOutlet;Hace pocos días Angular ha liberado su nueva versión, la 6.0.0. En Profile estamos deseando probar las novedades del framework;https://profile.es/blog/angular-templates-las-directivas-ng-template-ng-container-y-ngtemplateoutlet/;8 de mayo de 2018
150;https://profile.es/wp-content/media/pasos-para-una-app-movil-de-exito-300x167.jpg;Mobile;7 pasos para una app móvil de éxito;Cuando tienes claro que tu empresa necesita una app móvil, el siguiente paso es tener la certeza de que será una;https://profile.es/blog/7-pasos-para-una-app-movil-de-exito/;26 de abril de 2018
151;https://profile.es/wp-content/media/libros-para-desarrolladores-y-programadores-1-300x140.jpg;Desarrollo web;10 libros esenciales para desarrolladores y programadores;Recopilamos una serie ‘must read’ de los libros más recomendados para desarrolladores. No son obras con las que aprender un;https://profile.es/blog/libros-esenciales-para-desarrolladores-y-programadores/;20 de abril de 2018
152;https://profile.es/wp-content/media/Libreria-componentes-angular-5-300x140.jpg;Mobile;Librería de componentes de Angular 5;Angular lanzó a finales del pasado año su última versión: Angular 5. Desde el equipo Mobile de Profile hemos creado;https://profile.es/blog/libreria-de-componentes-de-angular-5/;5 de abril de 2018
153;https://profile.es/wp-content/media/mobile-world-congres-4YFN-2018-300x200.jpg;Negocio y Transformación Digital;Una reflexión sobre MWC y 4YFN 2018;Un año más el equipo de negocio de Profile acudió a dos de los eventos tecnológicos más importantes a nivel;https://profile.es/blog/una-reflexion-sobre-mobile-world-congress-y-4yfn-2018/;27 de marzo de 2018
154;https://profile.es/wp-content/media/servicios-cloud-computing-para-empresas-300x140.jpg;Cloud Computing;Servicios Cloud: ¿Qué es IaaS, SaaS y PaaS?;El Cloud Computing ha cobrado protagonismo en los últimos años hasta posicionarse actualmente como una de las tendencias clave de;https://profile.es/blog/servicios-cloud-que-es-iaas-saas-y-paas/;22 de marzo de 2018
155;https://profile.es/wp-content/media/cronica-de-t3chfest-2018-300x140.jpg;Eventos;Crónica de T3chfest 2018;¡Lo veíamos venir! En su sexta edición, T3chfest se ha convertido sin ninguna duda en uno de los eventos de;https://profile.es/blog/cronica-de-t3chfest_2018/;6 de marzo de 2018
156;https://profile.es/wp-content/media/App-movil-SKnife-Code-para-desarrolladores-OK3-300x140.jpg;Mobile;SKnife Code: una nueva app de herramientas para programadores;Sknife Code es el nombre de la nueva app móvil creada por nuestro equipo de desarrollo Mobile. Se trata de;https://profile.es/blog/sknife-code-una-nueva-app-de-herramientas-para-programadores/;22 de febrero de 2018
157;https://profile.es/wp-content/media/microservicios-arquitectura-y-desarrollo-de-software-300x169.jpg;Desarrollo web;¿Qué son los microservicios?;Desde hace unos años la arquitectura basada en microservicios ha ganado relevancia y atractivo en el mundo del desarrollo de;https://profile.es/blog/que-son-los-microservicios/;9 de febrero de 2018
158;https://profile.es/wp-content/media/T3chfest-evento-informatica-nuevas-tecnologias-madrid-ok-300x165.jpg;Eventos;Vuelve T3chfest: la feria de informática y nuevas tecnologías;[ACTUALIZACIÓN | Lee la crónica de T3chfest 2018] La sexta edición del T3chfest tendrá lugar los días 1 y 2 de;https://profile.es/blog/vuelve-t3chfest-la-feria-de-informatica-y-nuevas-tecnologias/;1 de febrero de 2018
159;https://profile.es/wp-content/media/Introduccion-a-mongoDB-stitch-backend-as-a-services-baas-300x140.png;Cloud Computing;Introducción a MongoDB Stitch, la plataforma BaaS de MongoDB;Dentro de los modelos de servicio Cloud, primero llegó Infrastructure as a service (IaaS). Así pudimos desplegar MongoDB en una;https://profile.es/blog/introduccion-a-mongodb-stitch/;26 de enero de 2018
160;https://profile.es/wp-content/media/¿Que-es-Blockchain-Fundamentos-basicos-de-la-cadena-de-bloques-1-300x140.jpg;Negocio y Transformación Digital;¿Qué es Blockchain? Fundamentos básicos de la cadena de bloques;Bitcoin, Etherum, NXT, NEO, criptomonedas… Todas ellas se basan en la tecnología Blockchain. Hablamos de un concepto que está revolucionando;https://profile.es/blog/que-es-blockchain-fundamentos-basicos-de-la-cadena-de-bloques/;10 de enero de 2018
161;https://profile.es/wp-content/media/posts-sobre-programacion-mas-leidos-300x140.jpg;Lo más leído;Los 7 posts más leídos del blog de Profile en 2017;Comenzamos el año 2017 con el lanzamiento de nuestra nueva web. Una de las grandes novedades del site fue la puesta en marcha;https://profile.es/blog/los-7-posts-mas-leidos-del-blog-de-profile-en-2017/;27 de diciembre de 2017
162;https://profile.es/wp-content/media/soft-skills-300x167.jpg;Desarrollo web;5 soft skills esenciales para desarrolladores de software;En este artículo diseccionamos las cinco soft skills o habilidades blandas que todo desarrollador de software debe potenciar para convertirse;https://profile.es/blog/5-soft-skills-esenciales-para-desarrolladores-de-software/;20 de diciembre de 2017
163;https://profile.es/wp-content/media/codemotion_madrid_2017_profile-300x140.jpg;Eventos;Crónica de Codemotion Madrid 2017;Una nueva edición de Codemotion Madrid se celebró los días 24 y 25 de noviembre en el Campus Montepríncipe de;https://profile.es/blog/cronica-de-codemotion-madrid-2017/;11 de diciembre de 2017
164;https://profile.es/wp-content/media/GDPR_y_PSD2_nueva_regulacion_economia_digital-300x140.jpg;Negocio y Transformación Digital;¿Qué es la RGPD (o GDPR) y cómo afecta a la aplicación de la PSD2?;En el primer semestre 2018, entrarán en vigor dos regulaciones importantes en relación a los datos y a la economía;https://profile.es/blog/que-es-la-gdpr-y-como-afecta-a-la-aplicacion-de-la-psd2/;16 de noviembre de 2017
165;https://profile.es/wp-content/media/aplicaciones-moviles-hibridas-300x140.jpg;Mobile;Aplicaciones híbridas: qué son y cuáles son sus ventajas y desventajas;Vamos a ver qué son las aplicaciones móviles híbridas y cuáles son sus principales ventajas y desventajas. Haremos una comparativa;https://profile.es/blog/aplicaciones-moviles-hibridas-la-solucion-mas-eficiente-para-el-desarrollo-multiplataforma/;19 de octubre de 2017
166;https://profile.es/wp-content/media/que-es-web-40-300x140.jpg;Negocio y Transformación Digital;Web 4.0: el próximo desafío ya está aquí;May Ashworth no iba desencaminada. Esta anciana británica de 86 años se hizo famosa en 2016 cuando su nieto desveló;https://profile.es/blog/web-4-0-el-proximo-desafio-ya-esta-aqui/;4 de octubre de 2017
167;https://profile.es/wp-content/media/apificacion-y-gestion-de-apis-economia-API-300x141.jpg;Negocio y Transformación Digital;Apificación y gestión de APIs: el resorte de la economía digital;Hablamos de las APIs (Interfaces de Programación de Aplicaciones) y de cómo su uso y gestión permite innovar, aumentar y;https://profile.es/blog/apificacion-y-gestion-de-apis-el-resorte-de-la-economia-digital/;21 de septiembre de 2017
168;https://profile.es/wp-content/media/principios-usabilidad-jakob-nielsen-300x140.jpg;UX;Los 10 principios de usabilidad de Jakob Nielsen: be user friendly;Jackob Nielsen es un gurú de la usabilidad web reconocido en todo el mundo. Tanto es así, que Nielsen ha;https://profile.es/blog/los-10-principios-de-usabilidad-web-de-jakob-nielsen/;29 de agosto de 2017
169;https://profile.es/wp-content/media/profile-patrocina-codemotion-2017-madrid-300x133.jpg;Eventos;Profile colabora con Codemotion Madrid 2017 como Company Partner;[ACTUALIZACIÓN | Lee la crónica de Codemotion 2017] Profile Software Services, especialista en transformación digital y en captación de talento IT,;https://profile.es/blog/profile-colabora-con-codemotion-madrid-2017-como-company-partner/;28 de agosto de 2017
170;https://profile.es/wp-content/media/Transformacion-digital-seguros-insurtech3-300x140.jpg;Negocio y Transformación Digital;Transformación digital del sector seguros: la gran oportunidad para la innovación;Es un sector, el de los seguros, con una idiosincrasia particular, que está sufriendo un retraso en su transformación digital;https://profile.es/blog/transformacion-digital-sector-seguros-oportunidad-para-innovacion/;4 de julio de 2017
171;https://profile.es/wp-content/media/ux-analytics_profile-300x113.jpg;UX;Medir para mejorar la experiencia de usuario (UX) en productos digitales;Por lo general, el estudio de datos recogidos por herramientas como Google Analytics está asociado al marketing digital y a;https://profile.es/blog/medicion-ux-mejorar-experiencia-de-usuario-productos-digitales/;23 de junio de 2017
172;https://profile.es/wp-content/media/advanced-technology-partner-red-hat-spain-madrid-barcelona-1-300x140.jpg;Profile;Profile consigue la certificación como Advanced Technology Partner de Red Hat;Profile Software Services, especialista en consultoría y servicios IT, arquitectura y desarrollo de software, ya es Advanced Technology Partner de;https://profile.es/blog/profile-advanced-technology-partner-de-redhat-soluciones-cloud-computing/;8 de junio de 2017
173;https://profile.es/wp-content/media/API-Connect-microgateway-framework-1-300x140.jpg;Desarrollo web;Introducción a IBM API Connect Microgateway Framework;Los productos de gestión de APIs (Interfaces de Programación de Aplicaciones) se encargan de: proceso de creación y publicación de API;https://profile.es/blog/introduccion-a-api-connect-microgateway-un-gateway-programable-para-tus-apis/;31 de mayo de 2017
174;https://profile.es/wp-content/media/Cronica_UXSpain_2017_gijon-1-300x140.jpg;Eventos;UXSpain 2017: los retos de una profesión con futuro;Gijón acogió este fin de semana la VI edición de UXSpain. Se trata del evento más importante en España sobre;https://profile.es/blog/uxspain-2017-los-retos-de-una-profesion-con-futuro/;16 de mayo de 2017
175;https://profile.es/wp-content/media/cursos-online-gratuitos-de-programacion-1-300x140.jpg;Formación;20 cursos de programación gratuitos y online;Una de las características de los programadores es la gran capacidad de aprender por su cuenta, de ser autodidactas en;https://profile.es/blog/20-cursos-online-y-gratuitos-sobre-programacion/;10 de mayo de 2017
176;https://profile.es/wp-content/media/querydsl_spring_data_mongoDB_programacion-1-300x140.jpg;Desarrollo web;Usando Querydsl en Spring Data MongoDB;Spring Data nos ofrece distintas formas de ejecutar sentencias contra nuestra base de datos: Mediante nombre de función en la;https://profile.es/blog/usando-querydsl-en-spring-data-mongodb/;26 de abril de 2017
177;https://profile.es/wp-content/media/transformacion-digital-empresas-madrid-barcelona-1-300x140.jpg;Negocio y Transformación Digital;Transformación digital de la empresa: claves y ventajas;La transformación digital está de moda. Todo el mundo habla de ella, es un tema recurrente en eventos y foros;https://profile.es/blog/transformacion-digital-empresa-claves-y-ventajas/;18 de abril de 2017
178;https://profile.es/wp-content/media/web-components-ventajas-desarrollo-web-frontend-1-1-300x140.jpg;Desarrollo web;Web Components: la revolución del desarrollo web;En los últimos tiempos, las arquitecturas para el desarrollo Frontend han entrado en una espiral de constante evolución. Partiendo de desarrollos;https://profile.es/blog/web-components/;28 de marzo de 2017
179;https://profile.es/wp-content/media/hackupc-2-300x140.jpg;Eventos;Mi experiencia como jurado en una hackaton;Bajo el lema “Dream it. Hack it. Ship it”, HackUPC Winter 2017 se celebró del 3 al 5 de marzo;https://profile.es/blog/mi-experiencia-como-jurado-en-una-hackaton/;22 de marzo de 2017
180;https://profile.es/wp-content/media/profile_patrocina_UXSpain-300x164.jpg;Eventos;Profile Software Services patrocina UXSpain 2017;[ACTUALIZACIÓN | Lee la crónica de UXSpain 2017] Como especialista en soluciones UX y diseño centrado en el usuario, Profile patrocina;https://profile.es/blog/profile-software-services-patrocina-uxspain-2017/;15 de marzo de 2017
181;https://profile.es/wp-content/media/programacion-reactiva-300x140.jpg;Desarrollo web;¿Qué es la Programación Reactiva? Una introducción;La programación reactiva es un paradigma enfocado en el trabajo con flujos de datos finitos o infinitos de manera asíncrona.;https://profile.es/blog/que-es-la-programacion-reactiva-una-introduccion/;10 de marzo de 2017
182;https://profile.es/wp-content/media/girls-who-code-1-300x140.jpg;Negocio y Transformación Digital;Mujeres y sector IT: rompamos la brecha de género;Es innegable. El sector de las Tecnologías de la Información (TI) es un ámbito profesional dominado por los hombres. Sólo;https://profile.es/blog/mujeres-y-sector-ti-rompamos-la-brecha-de-genero/;7 de marzo de 2017
183;https://profile.es/wp-content/media/Profile_patrocina_HackUPC-300x120.jpg;Eventos;500 estudiantes se preparan para el reto del HackUPC;[ACTUALIZACIÓN | Lee Mi experiencia como jurado en HackUPC] Del 3 al 5 de marzo, el Campus Nord de la;https://profile.es/blog/profile-patrocina-hackupc-winter-2017/;21 de febrero de 2017
184;https://profile.es/wp-content/media/ionic-workshop-header-300x140.jpg;Formación;Formación TI especializada y personalizada;Profile, como empresa referente en servicios y consultoría TI, abarca múltiples y variadas líneas de negocio con el fin de;https://profile.es/blog/formacion-ti-especializada/;20 de febrero de 2017
185;https://profile.es/wp-content/media/headerpic-privacy-polities-300x113.jpg;Negocio y Transformación Digital;Optimización y mejora: los servicios gestionados;Hace seis meses acepté el reto que me propuso Profile para afrontar la demanda incipiente de servicios gestionados en nuestros;https://profile.es/blog/optimizacion-y-mejora-de-nuestros-servicios/;9 de febrero de 2017
186;https://profile.es/wp-content/media/mongoDB-head-1-300x140.jpg;Formación;Mi proceso de certificación como MongoDB developer;Desde hace ya tiempo, inicié una autoformación a modo de introducción a las bases de datos NoSQL, mediante seminarios web:;https://profile.es/blog/proceso-de-certificacion-como-mongodb-developer/;23 de enero de 2017
